time,Nino34,WWV,NPMM,SPMM,IOB,IOD,SIOD,TNA,ATL3,SASD,month
1979-01-01,-0.14227913,11.066086,-0.25345188,0.5069457,0.18751748,0.4317262,0.31192365,0.23328537,-0.18718545,0.25132427,1
1979-02-01,0.02629467,10.962595,-0.6119007,0.1880626,0.13441318,0.07086364,0.12707612,0.5964454,-0.23981792,0.3431032,2
1979-03-01,-0.0826574,5.9431667,-0.5740114,-0.17466278,0.08133428,0.044977166,0.19673859,0.28928748,-0.245982,0.34947598,3
1979-04-01,0.06434939,2.8319535,-0.40075746,0.09304396,0.018980647,-0.029559484,0.12440594,0.44211888,-0.04078629,0.26861814,4
1979-05-01,0.037303265,2.936459,-0.4428131,0.36198854,-0.051638894,0.04080426,0.11827695,0.46230248,-0.009007892,0.13888967,5
1979-06-01,-0.14908314,2.6908078,-0.19079639,0.25658488,0.14143816,0.6296776,0.34189355,0.498744,0.07480032,0.028843658,6
1979-07-01,-0.28933743,1.1097524,-0.2207708,0.3215007,0.012211757,0.21424457,0.3404869,0.3315615,0.279683,0.19274393,7
1979-08-01,0.04626793,3.002206,-0.04608521,0.3397573,-0.144913,-0.23204291,0.35105908,0.036111813,0.25066537,0.2660502,8
1979-09-01,0.34244782,4.791101,0.03472101,0.36362746,-0.07118618,-0.35190114,0.29794657,0.09269817,0.10824419,0.39940566,9
1979-10-01,0.29623285,3.253666,0.19260447,0.18472847,-0.034473725,-0.44566712,0.2645226,0.018018842,-0.19782172,0.13549949,10
1979-11-01,0.33889827,2.529316,0.06477628,0.26408038,0.08347266,-0.37716633,-0.062443163,0.09861467,0.016327443,0.09165393,11
1979-12-01,0.35543963,3.6126313,0.14150351,0.79866195,0.13651508,-0.26206145,0.20951045,0.24602842,-0.10293319,-0.29751256,12
1980-01-01,0.38122347,2.8190422,0.31700858,0.492367,0.10828292,0.004916477,0.018668566,0.40259898,-0.24868296,0.2048094,1
1980-02-01,0.23530251,2.7747052,0.47980228,0.53315896,0.16257235,0.079045296,0.0006856132,0.5847131,-0.4226597,0.48912862,2
1980-03-01,0.004266029,2.5792854,0.26166323,0.52817106,0.047968652,-0.028801506,-0.2582369,0.21038349,-0.6192599,0.3309897,3
1980-04-01,0.14583828,3.39626,0.12380496,0.544016,0.015074213,0.3388849,-0.05348675,0.6248865,-0.18032002,-0.22189806,4
1980-05-01,0.18486513,3.4208786,-0.109465934,0.29601675,0.18888783,0.32742754,-0.19030307,0.5986071,-0.2505136,-0.29710698,5
1980-06-01,0.15350915,1.8961705,-0.19479461,0.34957495,0.0594644,-0.089800395,-0.03337844,0.35575166,-0.21090308,-0.07058595,6
1980-07-01,-0.20355543,0.5477331,-0.067612745,0.089909665,0.041098267,-0.11588636,-0.16442627,0.1323753,0.02805994,0.08236223,7
1980-08-01,-0.31418782,0.98347825,-0.06519159,0.16757903,0.079676,-0.040169537,-0.12686627,0.17495511,0.07679651,-0.13012363,8
1980-09-01,-0.3269452,1.5470318,-0.2264754,-0.1024888,0.049721923,-0.38464686,-0.339924,0.08622559,-0.037092283,-0.19516991,9
1980-10-01,-0.20328885,3.6320136,-0.22360548,-0.15187304,0.0398845,-0.1535227,0.0347734,-0.11097735,-0.16963346,0.07043274,10
1980-11-01,-0.23389176,4.349629,-0.40958202,-0.39353713,-0.004861264,-0.21351074,0.049530722,-0.06159197,-0.22642724,0.19922884,11
1980-12-01,-0.19009255,4.464202,-0.24554299,0.28285164,-0.05258716,-0.027591161,0.072270006,0.00037111714,-0.3285774,0.4117866,12
1981-01-01,-0.60926306,3.892555,0.06925917,-0.11823714,-0.09531613,0.11957979,0.14440018,0.21910459,-0.2867109,0.4124987,1
1981-02-01,-0.9742536,4.4675384,0.17091097,-0.3812163,-0.09249239,0.19866362,0.29433188,0.13102639,-0.2743655,0.68096566,2
1981-03-01,-0.8005989,8.640998,-0.2084579,-0.18889631,0.106079616,0.16872488,0.43053928,0.65721065,-0.46814957,0.49659017,3
1981-04-01,-0.80216974,7.5105486,-0.26448333,0.05160723,-0.031144086,0.16975284,0.22636741,0.50077844,-0.21385726,0.5127558,4
1981-05-01,-0.7004718,5.4108324,-0.21332704,0.21064514,0.09743544,0.12507623,0.27485326,0.20702277,-0.042328533,0.6504207,5
1981-06-01,-0.57001674,3.5699966,0.0024469958,0.23570484,-0.009101584,-0.23152573,0.09596665,0.2762286,0.38037404,0.84530026,6
1981-07-01,-0.60412544,3.155279,-0.046182543,-0.12135474,0.08574731,-0.34134102,0.12014869,0.16145974,0.08784753,0.8974027,7
1981-08-01,-0.60387564,3.0322313,-0.06438489,-0.20295842,-0.019181604,-0.54800117,0.0246087,-0.06662355,0.17107473,0.7704662,8
1981-09-01,-0.48056227,3.4941916,-0.21908581,-0.19551961,-0.034483016,-0.47222182,-0.14743246,-0.04758722,0.18205859,0.49698305,9
1981-10-01,-0.46833622,4.0709405,-0.25659874,0.010181288,0.036302622,-0.30728287,-0.3147823,-0.0868632,0.29864642,0.39246917,10
1981-11-01,-0.5646076,2.571654,-0.035710793,-0.23947078,-0.19852799,-0.26258686,-0.17685401,0.10531665,0.44510534,0.51735437,11
1981-12-01,-0.48492432,3.6449976,-0.08552191,-0.54533076,-0.2273203,-0.1925809,0.09354231,0.28494886,0.5928002,0.77890897,12
1982-01-01,-0.28947222,4.010542,-0.020278165,-0.5520742,-0.16386801,0.060680103,0.052251644,0.34168956,0.6203579,1.1788896,1
1982-02-01,-0.2757564,4.922606,0.11555428,-0.6415498,-0.13343522,0.3945415,0.2102957,0.06453198,0.57890266,1.198637,2
1982-03-01,-0.14218718,5.8821325,0.27508694,-0.8352945,-0.06896919,0.21051006,0.27936497,0.03628369,0.5463421,1.5593607,3
1982-04-01,0.26812893,7.405728,0.32011318,-0.67396057,0.111992635,0.17708297,0.53549457,-0.065914884,0.07158188,1.739383,4
1982-05-01,0.5414034,8.766083,-0.07249511,-0.2930883,0.30474168,0.6473721,0.39917597,-0.08687556,-0.20209947,1.4030619,5
1982-06-01,0.6963736,8.365629,-0.02008529,-0.14217114,0.24296069,0.50342,0.27508175,-0.07212934,-0.755687,0.89344937,6
1982-07-01,0.76832736,9.633512,-0.16109821,0.11013915,0.16216817,0.69538707,0.28326792,-0.20614453,-0.94716275,0.44251412,7
1982-08-01,1.110468,11.243426,-0.2207763,0.12773232,0.1125029,0.6317023,0.48277968,-0.33182907,-0.9321136,0.29813874,8
1982-09-01,1.4492776,13.19567,-0.2884329,0.3894812,0.11936457,1.2583492,0.7493216,-0.41054252,-0.5374578,0.16859104,9
1982-10-01,1.991167,14.416406,-0.33509588,0.5730368,0.2690178,0.9371669,0.4853735,-0.526653,-0.5327504,-0.2520073,10
1982-11-01,2.3353484,11.715825,-0.10363246,0.5681795,0.38004667,0.79573476,0.3637131,-0.37718967,-0.59088695,-0.80667895,11
1982-12-01,2.4547846,7.011816,-0.10850027,0.62996083,0.3229185,-0.20217669,-0.40321168,-0.5725045,-0.5771498,-1.2387991,12
1983-01-01,2.4827828,-0.43255284,-0.2191307,0.36149153,0.27227053,-0.21905746,-0.7087379,-0.43258938,-0.21553497,-1.2913401,1
1983-02-01,2.043275,-3.8211687,-0.24755545,0.5698417,0.3590743,-0.70482475,-0.7141021,0.02853554,0.22310305,-0.25463843,2
1983-03-01,1.5572656,-4.4001904,-0.15795438,-0.07861155,0.24551558,-0.9996463,-0.66152394,0.6186505,-0.25405973,0.18069491,3
1983-04-01,1.0451752,-4.45292,-0.20299606,0.049828853,0.22224145,-0.71134055,-0.4364539,0.63051665,-0.49474,0.06589471,4
1983-05-01,0.8601676,-6.9075375,-0.43931156,-0.043910485,0.15888624,-0.053891674,-0.34268728,0.21018158,-0.722385,-0.15892716,5
1983-06-01,0.65473324,-11.102875,-0.5271294,0.051828336,0.52524257,0.5972471,-0.20840877,0.16869113,-0.999694,-0.27585614,6
1983-07-01,-0.07468071,-16.238518,-0.6296396,-0.007741008,0.54174805,0.8055269,-0.06131548,0.02023789,-0.48744178,-0.1760235,7
1983-08-01,-0.3565433,-20.706589,-0.5893814,-0.16744144,0.394108,0.6277577,-0.1572569,-0.20259233,-0.15700686,-0.084290676,8
1983-09-01,-0.4752929,-23.708237,-0.4481922,-0.2504946,0.2322963,-0.010769992,-0.18652503,-0.23147565,-0.28545153,-0.20767829,9
1983-10-01,-0.876684,-26.161358,-0.34910187,-0.026362132,0.09919118,-0.10169614,-0.59087193,-0.23297375,-0.6531853,-0.2165417,10
1983-11-01,-0.98806286,-25.566608,-0.14727949,-0.11576281,-0.06134093,-0.29471624,-0.9607815,0.03171537,-0.48470914,0.31139916,11
1983-12-01,-1.1391598,-22.257315,0.11244386,0.20389405,-0.106988356,-0.26574743,-0.41754407,0.1303385,-0.14946309,-0.032609113,12
1984-01-01,-0.86841995,-18.463343,0.26552278,0.5837196,-0.23909537,-0.25501373,-0.23685066,-0.09642594,0.04781992,-0.51778513,1
1984-02-01,-0.46796513,-18.072277,0.13274345,0.4829873,-0.43395963,-0.41411322,-0.52165794,-0.15765935,0.32348368,-0.85206985,2
1984-03-01,-0.50859565,-15.762471,0.072889805,0.1133683,-0.29260164,0.07144254,-0.1862965,-0.13368812,0.54635483,-0.6053284,3
1984-04-01,-0.51066494,-13.500838,-0.23424825,0.17201824,-0.20289254,0.36742947,-0.25316086,-0.15347971,0.41684213,-0.36994517,4
1984-05-01,-0.4875213,-12.579194,-0.34626982,-0.05147809,-0.4469765,-0.1329916,-0.6943454,-0.22525187,0.3138033,-0.49626946,5
1984-06-01,-0.98308665,-11.912622,-0.4624919,-0.28644803,-0.5109591,-0.2753681,-0.64239985,-0.47109485,0.47855556,-0.6560618,6
1984-07-01,-0.7502392,-8.889186,-0.26419148,-0.1955193,-0.43142152,-0.13561392,-0.8731434,-0.42024413,0.5273103,-0.8495155,7
1984-08-01,-0.52882105,-8.025125,-0.39936283,-0.14465384,-0.40937132,-0.5907756,-0.76356316,-0.33532813,0.7737072,-0.86096376,8
1984-09-01,-0.42601922,-7.7957373,-0.15143116,0.31738362,-0.28831834,-0.75744516,-0.6400067,-0.3794402,0.61055434,-0.71699613,9
1984-10-01,-0.7500666,-8.825574,-0.44040194,0.08996433,-0.33738938,-0.50924313,-0.78259736,-0.4768454,0.21493657,-0.3019616,10
1984-11-01,-1.2534761,-7.4326425,-0.42098886,-0.13764618,-0.2961728,-0.2595486,-0.40131363,-0.49105752,0.17931549,-0.4140034,11
1984-12-01,-1.3047245,-7.342199,-0.47666395,-0.38640577,-0.2092297,-0.23467693,-0.29051328,-0.40913886,0.2753841,-0.18126537,12
1985-01-01,-1.1482407,-5.360246,-0.4373376,0.07466305,-0.06036554,-0.15039876,-0.28474775,-0.28944543,0.09786951,-0.39693046,1
1985-02-01,-1.0712073,-4.0608134,-0.31204087,-0.058886603,-0.24133223,-0.29750705,-0.50610733,-0.21484168,0.018672062,-0.47734466,2
1985-03-01,-0.81565064,-3.6901872,-0.505781,-0.3190595,-0.1647447,-0.0938599,-0.5998804,-0.5995675,-0.14180817,0.0053085745,3
1985-04-01,-0.8651648,-0.65691805,-0.3091592,-0.76359415,-0.11175611,-0.07645709,-0.47757158,-0.7140815,0.15386187,0.052807152,4
1985-05-01,-0.6931623,1.0852696,-0.1807552,-0.53617525,-0.096119165,-0.11972718,-0.04990782,-0.8385048,0.108722225,0.17753068,5
1985-06-01,-0.61765826,1.6048268,-0.005752565,-0.33975834,-0.3789269,-0.61796904,-0.08277521,-0.40662777,-0.16340095,-0.17460701,6
1985-07-01,-0.53607506,3.8350472,0.17881437,-0.37820658,-0.21973002,-0.44469532,-0.2839132,-0.08292834,0.32848948,-0.037254594,7
1985-08-01,-0.25007007,4.5178337,0.09596878,-0.5781901,-0.19488017,-0.3644056,-0.2585395,-0.03630879,0.17249452,0.061589144,8
1985-09-01,-0.48909917,2.2686794,0.099720076,-0.79824334,-0.17714547,-0.43964562,-0.3263609,-0.20179358,-0.2927836,0.07864519,9
1985-10-01,-0.36667585,2.2134893,-0.013662835,-0.20882224,-0.34211716,-0.5262064,-0.24547581,-0.30724773,-0.14348046,-0.024979422,10
1985-11-01,-0.3354088,3.3632236,0.096076325,-0.20367768,-0.3851093,-0.4379924,-0.44254526,-0.21084163,-0.08608496,-0.14726765,11
1985-12-01,-0.4718364,3.5766528,0.17386404,-0.07987818,-0.24816231,-0.3634242,-0.014122988,-0.37833798,0.0015128229,-0.3912367,12
1986-01-01,-0.67108196,3.0083666,0.38694635,-0.11883825,-0.2589432,-0.11088671,0.052014615,-0.6350539,-0.13586253,-0.44018447,1
1986-02-01,-0.8049541,3.2728305,0.61186403,-0.28325292,-0.07003114,0.094430156,0.1285225,-0.5323697,0.030042695,-0.3359763,2
1986-03-01,-0.72493833,3.8855505,0.79219365,-0.34153762,-0.18350872,0.4846891,0.081997536,-0.5200842,0.11416986,-0.4798662,3
1986-04-01,-0.5151205,3.0344155,0.58472,-0.34799588,-0.17916064,0.4209439,-0.03538392,-0.5579259,0.20847778,-0.3593352,4
1986-05-01,-0.34522554,3.7851021,0.48449507,-0.077370085,-0.13422723,0.49091655,0.12391111,-0.4123072,0.19685744,-0.8575733,5
1986-06-01,-0.09530475,6.642544,0.5525801,0.0061461893,-0.08169801,0.23279205,0.42220277,-0.5200132,0.10925942,-0.4469536,6
1986-07-01,0.053023674,7.0641265,0.3971594,0.091524825,-0.24505606,-0.33394372,0.61973894,-0.3854719,-0.34629002,-0.09068995,7
1986-08-01,0.34244597,8.606018,0.3983403,0.29412928,-0.35268712,-0.18091126,0.711079,-0.36182222,-0.27672547,-0.29314804,8
1986-09-01,0.626901,9.590931,0.54148775,0.26843846,-0.36705816,-0.04535892,0.61727,-0.20551541,0.11316361,-0.047940213,9
1986-10-01,0.8534573,11.022978,0.4147753,0.48706597,-0.22448878,0.16077517,0.6425811,-0.20416604,-0.3909075,-0.13296796,10
1986-11-01,1.0033258,7.9217515,0.36114255,0.4035531,-0.088383146,0.10970768,0.26659128,-0.56745785,-0.99744767,0.04507927,11
1986-12-01,1.2481865,7.805492,0.2822524,0.28444836,-0.011939763,-0.23916787,0.12346631,-0.7265611,-0.6895586,-0.008179616,12
1987-01-01,1.4083453,5.317345,0.100228705,0.045918003,-0.06353851,-0.14650013,0.3111565,-0.41470057,-0.578374,-0.62346715,1
1987-02-01,1.1575962,1.5237308,0.0949965,0.15209477,0.022699859,-0.1397603,0.4461536,-0.15115094,-0.29724202,-0.8155389,2
1987-03-01,1.0277851,1.5959747,-0.06835087,0.46666154,0.15099905,-0.42058185,0.26449525,0.26156184,-0.05715325,-0.32428133,3
1987-04-01,0.83843017,0.5875285,-0.22881761,0.27938512,0.21993075,-0.34471494,0.32018045,0.5142205,-0.19219011,-0.49437815,4
1987-05-01,0.93545747,-1.2103734,0.28287396,-0.028274685,0.45102805,0.28105348,0.15623803,0.50714856,-0.17298573,-0.7420048,5
1987-06-01,1.2758504,-3.5015142,0.10701006,0.023710677,0.41321295,0.17802903,0.42785445,0.6405852,0.29589537,-1.0208914,6
1987-07-01,1.4179295,-5.2084827,0.063842654,0.13753542,0.39890718,-0.060150452,0.3188002,0.5255992,1.0436656,-0.86111444,7
1987-08-01,1.6480538,-5.382526,-0.115738146,0.29564318,0.4535338,0.34104228,0.20393604,0.43076602,1.03591,-0.6602105,8
1987-09-01,1.5380813,-7.7195373,0.13720115,0.35890803,0.4482758,0.7501863,0.5395324,0.332326,0.735831,-0.5611437,9
1987-10-01,1.3690237,-8.633343,0.291228,0.4457081,0.38030422,0.60531014,0.48417655,0.37788257,0.37983406,-0.63418704,10
1987-11-01,1.1700224,-10.531428,0.30044293,0.41315833,0.28471616,0.1038955,0.35447812,0.40654105,0.4680856,-0.48882708,11
1987-12-01,0.9211559,-12.231276,0.11447198,0.12450152,0.1997653,0.31019917,0.40540183,0.4805528,0.4678138,-0.24087644,12
1988-01-01,0.715404,-11.187178,0.12511069,-0.16483755,0.32892296,0.3136749,0.30081353,0.20842747,0.55841863,-0.17399305,1
1988-02-01,0.47734842,-13.399502,0.24678233,-0.26554376,0.5421035,0.40326568,0.2856127,0.0005789437,0.45742878,-1.1895499,2
1988-03-01,0.053855468,-14.779382,0.12046923,-0.1450893,0.48352504,0.030533284,0.14508893,0.2605158,0.5482407,-0.5738377,3
1988-04-01,-0.39810225,-15.457929,0.2581064,-0.017283697,0.35657656,0.27755198,0.13756071,0.4257191,0.60789573,-0.6116559,4
1988-05-01,-1.3586162,-13.606295,0.24291976,0.12942317,0.022830488,-0.2171189,0.09254332,0.3945707,0.7234064,-0.48332235,5
1988-06-01,-1.5582983,-10.787501,0.10686062,0.004759123,0.0056580817,-0.27295637,-0.14329566,0.33270717,0.98912257,-0.6373344,6
1988-07-01,-1.5327804,-7.7491145,0.14068767,-0.22836398,0.14289705,0.18223469,0.028830778,0.11268523,1.0598555,-0.4246455,7
1988-08-01,-1.4432501,-6.1694307,0.14514405,-0.31308535,0.26578656,0.24946706,0.16085503,-0.097193375,0.9941149,-0.34509006,8
1988-09-01,-1.4469911,-5.241045,-0.0393913,-0.2798611,0.31700787,0.1767925,0.30909872,-0.13596816,0.5045418,-0.5304174,9
1988-10-01,-2.337861,-7.670995,-0.030360902,-0.43902764,0.15830398,-0.14210322,0.006492411,-0.38642114,0.24503782,-0.64841163,10
1988-11-01,-2.5239034,-6.4669323,-0.01828228,-0.56217897,-0.073677525,-0.08505765,-0.230135,-0.20703863,-0.07759543,-0.46825522,11
1988-12-01,-2.1962767,-2.3979049,-0.12164402,-0.64713657,-0.044802904,0.16444013,0.10827141,-0.20185828,0.13924858,0.2933461,12
1989-01-01,-1.8889412,0.51711345,-0.614109,-0.64189774,-0.17399348,-0.16092455,-0.17487788,-0.29927608,0.043910168,0.21583119,1
1989-02-01,-1.2665458,3.1044552,-0.53610307,-0.17478807,-0.20634829,0.44422936,0.012883294,-0.2634065,-0.16982175,0.051211584,2
1989-03-01,-1.2474767,5.6915817,-0.12078461,-0.2804471,-0.14183402,0.082172096,0.0032975115,-0.47484574,0.17326175,-0.030248594,3
1989-04-01,-1.1440799,7.745588,0.188832,-0.34296492,-0.29071465,-0.073121816,-0.21469936,-0.709059,0.2964238,0.16299301,4
1989-05-01,-0.9034069,8.841919,0.21240321,-0.47604242,-0.293123,-0.27887517,-0.33507654,-0.49904904,0.49775478,0.055523988,5
1989-06-01,-0.730265,8.692562,0.03798629,-0.3752374,-0.5248922,-0.58945936,-0.7212381,-0.12857021,0.44643405,0.070053734,6
1989-07-01,-0.5061823,7.4933963,-0.1191291,-0.41783467,-0.36876893,-0.29208633,-0.7190325,0.27157536,0.410365,0.27733472,7
1989-08-01,-0.53442425,6.430087,-0.24589771,-0.5042264,-0.3361984,-0.38186952,-0.7593476,0.32561973,0.41106093,0.17040688,8
1989-09-01,-0.5280559,6.535318,-0.3595986,-0.37083653,-0.2267211,-0.26980072,-0.7390653,-0.08806671,0.11292161,0.038228728,9
1989-10-01,-0.4633447,5.226834,-0.26865402,-0.25281265,-0.109820895,-0.08516233,-0.26748303,-0.049928352,0.028449576,0.16372916,10
1989-11-01,-0.51636654,5.014449,0.032855123,-0.16009352,0.0002766455,-0.16925432,-0.40648627,-0.18062824,-0.1837248,0.38884664,11
1989-12-01,-0.21083736,8.189274,0.24819402,0.21896295,0.1561747,0.027281534,-0.06438876,0.12994155,-0.39151752,0.7217119,12
1990-01-01,0.015882162,9.3632555,0.06910171,0.26762137,0.029031869,0.7167432,-0.07235902,-0.06459989,-0.51271623,0.5817204,1
1990-02-01,0.11431236,11.157965,-0.18368955,0.24798657,0.32329696,0.36684513,0.013663252,-0.09952645,-0.32672203,0.08153199,2
1990-03-01,0.05717851,10.495541,-0.05842542,0.09851996,0.13984416,0.2418381,-0.04173744,0.036431864,-0.49864492,0.16671665,3
1990-04-01,0.16158462,7.285082,0.3017694,0.08256297,-0.0035468033,-0.18392667,-0.053240277,0.13883446,-0.06678397,-0.172581,4
1990-05-01,0.2557105,4.4698644,0.26987153,-0.076874375,-0.030514795,-0.19369906,0.051809803,0.1055452,-0.13189322,-0.18177818,5
1990-06-01,0.031667456,2.6707916,0.13463402,-0.433531,-0.23097697,-0.31454238,-0.023863414,-0.030910296,0.124735124,-0.1560518,6
1990-07-01,0.09099311,4.5613413,0.243371,-0.5238391,-0.070077494,-0.17532338,0.3154569,0.052026976,-0.25889778,0.13639244,7
1990-08-01,0.22810107,5.1628556,0.32973054,-0.47498292,-0.1350432,-0.3153874,0.11363085,0.3090743,-0.13351594,0.12356514,8
1990-09-01,0.09783999,5.000598,0.32347646,-0.3164457,-0.105918795,-0.493748,0.046443082,0.38324124,-0.049967483,0.14858814,9
1990-10-01,0.22212777,5.6160054,0.35102713,-0.4301579,-0.082411736,-0.5322101,-0.010895461,0.24098867,0.030310618,0.42715886,10
1990-11-01,0.1400013,4.1739283,0.28802744,-0.6847808,0.027051546,-0.057993203,0.27106807,0.21260329,0.22879642,0.068307124,11
1990-12-01,0.3641726,6.598474,0.24436381,-0.40731183,0.20883082,0.04633968,0.24618357,0.22916424,0.24389982,-0.39459965,12
1991-01-01,0.539329,7.03701,0.34473315,-0.32890743,0.18098372,0.14771006,0.3751113,-0.062139504,0.20824093,0.22684027,1
1991-02-01,0.33706456,5.8754063,0.49201462,-0.6538494,0.19390336,-0.0016335152,0.5228887,-0.0033984245,0.20925725,0.5060855,2
1991-03-01,0.060772616,4.7216625,0.34056303,-0.89347464,0.23284504,0.015577801,0.55012673,-0.19742136,0.35390928,0.686499,3
1991-04-01,0.19222055,5.2032704,0.11501142,-0.528155,0.29349446,0.67588717,0.68659616,-0.19859867,0.31587827,0.26792407,4
1991-05-01,0.46227947,7.571098,-0.0023599507,-0.19528958,0.38125032,0.7958316,0.43326437,-0.353671,0.610623,0.12481895,5
1991-06-01,0.7705233,7.206739,0.0032582213,-0.013687803,0.24556391,0.15083727,0.3781715,-0.34851867,1.0447503,0.051898174,6
1991-07-01,0.7953451,8.328115,0.0023663954,0.0892258,0.18923597,-0.0433165,0.16014406,-0.40654713,0.6907649,0.047620848,7
1991-08-01,0.57324004,7.1238403,0.008052019,-0.28964856,0.05609615,0.08961164,0.2962529,-0.32076192,0.24463734,0.31958187,8
1991-09-01,0.47028506,6.0074773,0.023554089,-0.34531605,-0.032517605,0.36317748,0.41012648,-0.094622165,-0.34579915,0.40741318,9
1991-10-01,0.9931887,8.536783,0.24675317,-0.28655413,-0.058089763,0.31857452,0.3749359,-0.1879036,-0.72800535,0.07468415,10
1991-11-01,1.2463748,7.084437,0.26236245,-0.2102347,-0.04305711,0.2511488,0.93658954,-0.113098055,-0.9532666,0.65094864,11
1991-12-01,1.6705582,7.625407,0.04591386,0.26250023,-0.14077717,0.30999836,0.62603015,-0.12058011,-0.70483994,-0.0076628486,12
1992-01-01,1.7666681,6.2618966,-0.26405957,0.48466,-0.033446833,-0.39625725,0.57377607,0.045778222,-0.46382487,-0.079250135,1
1992-02-01,1.7194228,6.5644436,-0.22843745,0.58391213,-0.027567336,-0.5822261,0.11198071,0.18269938,0.0015058569,0.22649036,2
1992-03-01,1.3597367,2.104646,-0.09185391,0.6066519,-0.2811428,-0.97837126,-0.0072547607,-0.0037816002,-0.11191877,0.31343105,3
1992-04-01,1.170295,-1.587253,0.10709849,0.5184182,-0.12725165,-0.6137578,0.19049004,-0.11004928,-0.5777513,0.2715266,4
1992-05-01,0.975981,-5.038159,0.75551385,0.12927365,0.011769377,-0.31732625,-0.193562,-0.002246247,-1.2200918,0.28504094,5
1992-06-01,0.4369352,-7.5444956,0.7527012,-0.22773175,0.045711104,-0.12975375,-0.40419692,-0.12975875,-0.95581305,0.14902347,6
1992-07-01,0.24700654,-7.277878,0.6518737,-0.25628224,0.0032196292,-0.23802152,-0.37678108,-0.14217868,-0.7624065,0.10751498,7
1992-08-01,-0.0736183,-6.8249764,0.5312405,-0.17914848,-0.1708209,-0.63525295,-0.24186507,-0.24779826,-0.50855464,0.36879355,8
1992-09-01,-0.0812496,-4.360662,0.53225344,-0.06826784,-0.28126368,-0.79297644,-0.16501252,-0.3222362,-0.48080802,0.6201399,9
1992-10-01,-0.2178598,-2.897698,0.5877608,-0.048600037,-0.34666058,-0.68612915,0.065816104,-0.2886547,-0.5664713,0.69002795,10
1992-11-01,-0.1404575,-2.0089107,0.6194967,0.19294114,-0.27336225,-0.11003297,-0.017255519,-0.4083339,-0.61294866,0.54253936,11
1992-12-01,0.1829538,0.39489475,0.4133195,0.29683936,-0.32721543,0.024261054,-0.17301217,-0.37036964,-0.51295686,0.21903335,12
1993-01-01,0.27658072,-0.8162798,0.51059055,1.0321923,-0.19746275,0.10538775,-0.07484745,-0.29835138,-0.285539,-0.69790256,1
1993-02-01,0.23002584,-0.52713746,0.5720238,0.9370469,-0.13085817,0.123480424,0.6533646,-0.14830312,-0.36387745,-0.334164,2
1993-03-01,0.42432132,0.05597638,0.48053738,0.8045855,-0.30121118,-0.041651286,0.47585824,-0.06670228,-0.47963992,-0.43281627,3
1993-04-01,0.68775433,-0.45184574,0.4137562,0.58195746,-0.18800847,0.16418363,0.39098412,-0.020963475,-0.2382229,-0.50161654,4
1993-05-01,0.841266,-2.506632,0.452228,0.34293932,-0.029617975,0.5129551,0.15232152,-0.025126366,-0.18318668,-0.058676902,5
1993-06-01,0.64006954,-6.1296606,0.46089405,0.28210527,-0.055534884,0.08995952,0.1426466,0.0048176534,-0.17711757,0.42141575,6
1993-07-01,0.4363004,-7.4714937,0.30262718,0.0103003,-0.09143419,-0.017626764,0.03183766,-0.20438008,-0.15818709,0.082822286,7
1993-08-01,0.19936094,-6.97345,0.25408372,0.06333272,-0.12085276,-0.22087999,0.026220249,-0.1856089,0.09843068,0.13538124,8
1993-09-01,0.42840222,-3.6002023,0.25715172,0.15004542,-0.1320963,-0.39524832,0.034459677,-0.23091692,0.49620676,-0.27933776,9
1993-10-01,0.4929705,-4.167387,0.424056,0.28786898,-0.174944,-0.16132821,0.19124612,-0.3491973,0.61411315,-0.2863131,10
1993-11-01,0.4058484,-4.7466087,0.56450987,-0.011797486,-0.045614056,-0.14877082,0.2639118,-0.41038957,0.63906187,-0.46088007,11
1993-12-01,0.35217595,-5.2952394,0.38297462,-0.27877977,-0.13388672,-0.061849058,0.080088355,-0.48942932,0.33499935,0.10030317,12
1994-01-01,0.035175953,-6.6087933,0.50921535,0.0026603227,0.07039983,0.1209953,0.066160426,-0.53178525,0.27032605,0.3227403,1
1994-02-01,-0.026381915,-7.4862356,0.5899424,-0.5830814,-0.13339804,-0.095307,-0.009589396,-0.7201379,-0.13136664,0.057144444,2
1994-03-01,0.065134384,-6.4262757,0.6432576,-0.42891246,-0.11934457,0.5855134,0.3294502,-0.5311612,-0.103304245,-0.19134042,3
1994-04-01,0.08730636,-4.3991365,0.64573455,0.07722268,-0.14187886,0.5000811,0.29175034,-0.47981867,0.0846397,-0.6247724,4
1994-05-01,0.15178037,-3.2916067,0.40102035,0.06530754,-0.09819366,0.6939611,0.59391505,-0.6649324,-0.011388865,-0.31643894,5
1994-06-01,0.23404518,-3.5500436,0.37710628,0.095135204,-0.18102339,0.6709933,0.7273366,-0.6884101,-0.46875253,-0.029017387,6
1994-07-01,-0.00080962194,-2.6702137,0.50078243,0.17037848,-0.15771334,0.9068559,0.5821032,-0.62702644,-0.76695544,0.08462977,7
1994-08-01,0.3768736,-0.3088353,0.40836352,-0.0962245,-0.23048921,1.2599171,0.47575983,-0.4565666,-0.082380444,0.2840939,8
1994-09-01,0.31282017,0.5853876,0.2578141,0.16763937,-0.23777476,1.5329051,0.43915784,-0.49730197,-0.079741105,0.323214,9
1994-10-01,0.846282,2.8361413,0.24080454,0.46584967,-0.08768515,1.679641,0.40993643,-0.26433903,-0.096311614,-0.00077220047,10
1994-11-01,1.2051432,4.671635,-0.042929128,0.16703822,-0.15585473,0.48639542,-0.35354054,-0.23390873,0.049818274,-0.20308943,11
1994-12-01,1.2206429,1.9228172,-0.4099614,0.32372972,-0.17585407,0.413267,-0.14343053,-0.31433526,0.2102703,-0.59692746,12
1995-01-01,0.9365705,-0.8411814,-0.30438477,0.20018399,-0.04881444,-0.010378894,-0.22321089,-0.09894314,0.26553366,-0.58132875,1
1995-02-01,0.78844935,-2.9191449,0.23072551,0.018978331,0.029088713,0.44091228,0.10691204,2.2023309e-05,0.2928219,-0.62247616,2
1995-03-01,0.3710494,-6.705036,0.64608544,0.087078385,0.01667208,0.3117725,0.36765406,-0.04565227,0.5736696,-1.1885737,3
1995-04-01,0.12772928,-7.5461273,0.393269,-0.01779363,0.024608895,-0.12347875,-0.22586927,0.118914746,0.5030356,-0.38343748,4
1995-05-01,-0.21179897,-5.2917075,0.3986258,0.14622255,0.09355998,-0.13964234,-0.31931272,0.4029691,0.8331892,-0.07750399,5
1995-06-01,-0.16912848,-3.0604706,0.2095184,0.28843063,0.208708,0.09835807,0.040507216,0.5658091,0.7892838,-0.07270408,6
1995-07-01,-0.12413861,-2.8510559,0.31634036,0.20768474,0.14579543,-0.1902855,0.0747752,0.68727744,0.8140693,0.042708997,7
1995-08-01,-0.47322088,-3.4869883,0.07149598,-0.2258967,0.12227522,-0.08913029,-0.018076299,0.48276046,0.33483735,-0.25114423,8
1995-09-01,-0.84578985,-5.2245593,0.13890651,-0.3132638,0.00056733366,-0.3519929,-0.17533456,0.2894094,0.26243418,-0.33641928,9
1995-10-01,-1.0976663,-5.529021,0.043850154,-0.17513396,0.02123175,-0.25210992,-0.46847263,0.23399417,0.11489031,-0.30603528,10
1995-11-01,-1.0703671,-3.9904122,0.10681535,-0.17991439,-0.20328975,-0.47494173,-0.51021785,0.45314047,0.16394539,-0.00047125574,11
1995-12-01,-1.075601,-2.011956,0.31415358,0.074426845,-0.08047453,0.30962095,0.013699742,0.44061205,-0.010005758,0.3174875,12
1996-01-01,-0.85696983,1.2823406,0.2823576,-0.021174043,-0.038945768,0.40969887,0.010251959,0.622146,-0.016408853,0.18204704,1
1996-02-01,-0.8893301,0.31199464,0.27887753,-0.5095551,-0.036770344,0.5960931,-0.00035294975,0.3983346,0.06826978,-0.742393,2
1996-03-01,-0.6699367,0.4753214,0.2127581,-0.54540634,0.0340485,0.03467606,-0.07836431,0.15191461,0.25906128,-0.10859766,3
1996-04-01,-0.46255118,0.77275395,0.3673354,-0.7807877,-0.09801458,-0.32094368,0.014978337,0.19340059,0.3613449,0.018306702,4
1996-05-01,-0.5663059,1.0838321,0.55100816,-0.6133209,-0.2122574,-0.045778234,-0.009950282,0.21535197,0.5026981,0.053011104,5
1996-06-01,-0.50923514,1.510272,0.47259077,-0.3757951,-0.06316472,-0.20311874,-0.37138784,0.069114536,1.3619381,0.15340936,6
1996-07-01,-0.24345325,1.9631591,0.17734376,-0.18918414,-0.11730635,-0.46490532,-0.63636863,-0.0316526,0.8141993,-0.12636437,7
1996-08-01,-0.3453594,2.3649447,0.25848627,-0.2407132,-0.32498062,-0.8412174,-0.632771,-0.07468868,0.09181608,0.07401346,8
1996-09-01,-0.43447787,1.281406,0.19755727,-0.33379883,-0.14551012,-0.874311,-0.6926199,-0.15467083,-0.14464125,0.0012966167,9
1996-10-01,-0.4615798,1.6581737,0.18426327,-0.3181622,-0.3706115,-1.2521999,-1.019493,-0.119543135,-0.36301884,0.39177015,10
1996-11-01,-0.5285674,3.3417425,0.02020074,-0.15076034,-0.20949274,-0.85860753,-0.6126196,-0.19500199,-0.56015384,0.69961727,11
1996-12-01,-0.6348137,4.7429595,-0.17963284,-0.13509214,-0.16387235,-0.35520867,-0.07413236,-0.11178506,-0.79398113,0.9504986,12
1997-01-01,-0.6309011,8.739281,0.16224153,-0.16579871,-0.07675676,0.08244715,-0.119647615,0.16095912,-0.74717706,1.3810514,1
1997-02-01,-0.3693953,10.191532,0.07515851,0.022049833,-0.3414859,0.33866784,-0.24155083,0.2270702,-0.81987345,1.2786086,2
1997-03-01,-0.20923424,11.684706,0.043787804,0.4614415,-0.06769157,0.33727518,0.17867517,0.1790807,-0.7419688,1.4806095,3
1997-04-01,0.16848448,14.335746,0.025545735,0.58540106,-0.0037042515,0.04572066,0.2470305,0.17785773,-0.79859126,1.2531424,4
1997-05-01,0.63100535,14.9451,0.40981913,0.49019346,-0.060377024,0.049982175,-0.033165373,0.30088314,-0.7507379,1.1223668,5
1997-06-01,1.1252307,13.901167,0.5981451,0.512587,0.20723999,0.37715143,-0.3917216,0.31203783,-1.1192732,0.76886415,6
1997-07-01,1.6172687,12.169596,0.31019425,0.29610398,0.14533786,1.0050182,-0.059711486,0.20530744,-0.7928323,0.31704056,7
1997-08-01,1.9943569,9.930381,0.4496099,0.48680112,0.14031777,1.2525654,0.3682568,0.04523752,-0.19462824,0.2787957,8
1997-09-01,2.2065053,10.871037,0.49687418,0.46244973,0.18397313,1.4122723,0.6073041,0.18565641,-0.08790258,0.044663016,9
1997-10-01,2.5563588,9.150414,0.46538132,0.28833112,0.24102515,2.1410117,0.74854374,0.35037646,0.32668197,-0.3960419,10
1997-11-01,2.7271614,5.341336,0.5746602,0.46869057,0.35321805,2.2545393,1.2243202,0.45844597,0.5988022,-0.8850403,11
1997-12-01,2.7219825,-1.1736939,0.29601973,0.068824865,0.5170632,1.3464981,0.962066,0.3492886,0.76551384,-1.2079265,12
1998-01-01,2.650198,-9.417704,0.09371992,-0.28065,0.7303454,0.8122059,0.7118739,0.40712956,1.0496372,-0.82716304,1
1998-02-01,2.131558,-12.657304,-0.056553233,-0.5447319,0.7933472,0.29262877,0.2681999,0.88380015,1.033132,-0.79866046,2
1998-03-01,1.5194467,-14.655754,-0.057057366,-0.44469175,0.79660434,-0.005947561,0.3830643,0.9914408,0.7538338,-0.6048506,3
1998-04-01,0.9180298,-16.482244,-0.41724545,-0.12858957,0.83824474,-0.20052238,-0.19629343,0.6945474,0.54862773,-0.5602768,4
1998-05-01,0.6962683,-19.340523,-0.400043,0.052616097,0.7789807,-0.071732074,-0.328777,0.58443445,0.42387557,-0.5822977,5
1998-06-01,-0.85601264,-22.295258,-0.3180122,0.037596427,0.5242469,-0.14178865,-0.4392917,0.53425133,0.7555788,-0.6690086,6
1998-07-01,-1.3954692,-21.99627,-0.25415698,0.12543339,0.3049994,-0.5002436,-0.5821234,0.32028937,0.794556,-0.292623,7
1998-08-01,-1.3899221,-21.57484,-0.07954638,0.14861445,0.21239825,-0.7900958,-0.84169656,0.2902034,0.30726945,0.14368936,8
1998-09-01,-0.9345705,-19.015318,-0.26567045,0.18855709,0.13350792,-0.8690941,-0.86659366,0.22192636,0.39965257,0.046284836,9
1998-10-01,-1.2337093,-20.118486,-0.43381503,0.067190535,-0.04986207,-1.2845263,-1.2103322,0.23421147,0.39056775,0.18502863,10
1998-11-01,-1.4192595,-19.532557,-0.51575947,0.07172829,-0.22829463,-0.91343737,-1.2861251,0.29340398,0.31508243,0.437813,11
1998-12-01,-1.7310545,-15.379144,-0.7830689,-0.09303717,-0.22998254,-0.29184482,-1.0801482,0.17099786,0.1512032,0.38760355,12
1999-01-01,-1.5417002,-12.717738,-0.5691413,-0.5118715,-0.21247606,-0.042670343,-1.006664,-0.2423112,-0.026513679,0.13935602,1
1999-02-01,-1.1240723,-10.80376,-0.7736426,-0.6888854,-0.077836685,0.19909689,-0.6164881,-0.26561305,0.24692868,-0.40855494,2
1999-03-01,-0.74326396,-8.950898,-0.7424003,-0.9140739,0.002729354,0.42896655,-0.41040587,-0.3424838,0.17668413,-0.07655757,3
1999-04-01,-0.7677534,-7.921939,-0.806821,-0.8983712,-0.32799542,0.07901779,-0.16845854,-0.26202732,0.2983697,-0.64768517,4
1999-05-01,-0.7673367,-5.8984566,-0.90149546,-0.5792778,-0.5370544,-0.4499881,-0.3578742,-0.09602946,0.79910994,-0.35917687,5
1999-06-01,-0.96212006,-4.6973786,-0.91449237,-0.3842905,-0.41922238,-0.32929853,-0.622338,-0.047569204,1.1459136,-0.44252887,6
1999-07-01,-0.817848,-5.1555223,-0.73623765,-0.36762643,-0.17966817,0.0120559,-0.45574751,0.06284764,1.0482136,-0.5110358,7
1999-08-01,-1.1366345,-5.9346623,-0.77590144,-0.26707008,-0.15236953,-0.07652706,-0.34117252,0.1128321,0.63148314,-0.41261506,8
1999-09-01,-1.0376455,-6.574321,-0.85300994,-0.13104583,-0.085940704,-0.0441635,-0.36584702,0.12010916,0.035307456,-0.3868392,9
1999-10-01,-0.9557036,-5.4317565,-0.75991744,-0.17703758,-0.15229347,-0.48418668,-0.17222041,-0.03487175,-0.17224382,-0.16194507,10
1999-11-01,-1.5524395,-6.043468,-0.49035835,-0.12529585,-0.03740535,-0.5053744,-0.064877056,-0.04682936,0.028496012,-0.050774492,11
1999-12-01,-1.6670138,-5.8519125,-0.5704086,0.1882022,-0.12571307,0.02883229,-0.39685124,0.2204684,0.16618706,0.46526977,12
2000-01-01,-1.7548164,-2.6622312,-0.5643222,0.4685974,-0.04683305,0.19700629,-0.27681077,-0.06175195,-0.016207857,1.1263635,1
2000-02-01,-1.4159915,-0.4835135,-0.36677158,0.58566415,-0.20798965,0.4493213,-0.31898296,-0.052668884,0.15572523,1.0508596,2
2000-03-01,-0.88997775,0.81105477,-0.34639877,0.3843497,-0.38111073,0.20072016,-0.59766763,0.107429646,-0.05278204,0.8240552,3
2000-04-01,-0.56996006,2.427903,-0.3156758,0.03349742,-0.3035435,0.29234532,-0.43703392,-0.000741968,0.024737244,0.7299157,4
2000-05-01,-0.557114,2.4611907,-0.28938946,-0.21393684,-0.25139615,-0.17371592,-0.12492087,-0.15194869,0.077067524,0.6197916,5
2000-06-01,-0.6169567,2.87629,0.005604943,-0.3239724,-0.2732094,-0.30612397,-0.2741467,-0.24882415,-0.46456972,0.26752695,6
2000-07-01,-0.45541966,2.201808,-0.05377711,-0.29278132,-0.14220728,-0.13271692,-0.4201515,-0.1410612,-0.5645353,-0.08426785,7
2000-08-01,-0.32374334,2.261742,-0.028295422,-0.08106859,0.011572308,0.049681753,-0.30944234,-0.11623944,-0.17000052,-0.10462009,8
2000-09-01,-0.3548961,1.0873531,-0.1528512,0.0612077,0.05020263,-0.37181687,-0.44449216,-0.23126289,-0.67445254,-0.18215203,9
2000-10-01,-0.50237817,-1.0729305,-0.21167874,0.25217515,0.08055461,-0.2409105,-0.2989766,-0.32182577,-0.44434914,-0.3425791,10
2000-11-01,-0.80191106,-1.8422788,-0.4511132,0.7808903,0.199149,0.11297522,-0.34161365,-0.4128486,-0.37672457,-0.59158146,11
2000-12-01,-0.7900717,-0.94795674,-0.2663464,0.60744,0.104558684,0.16152024,-0.11857455,-0.4251021,-0.30003232,-0.6085872,12
2001-01-01,-0.63096714,0.12229158,-0.20331459,0.60942143,-0.11556762,0.09743591,-0.35721338,-0.27222863,-0.306094,-0.5714711,1
2001-02-01,-0.47574615,-0.71809554,-0.31975648,0.566261,-0.08828684,0.62891155,0.22177432,-0.21122253,-0.19633526,-0.26171178,2
2001-03-01,-0.24392611,-0.49882513,-0.3723276,0.6750887,0.028966408,0.49064234,0.34812415,0.15384932,-0.0319361,0.19777481,3
2001-04-01,-0.11973013,1.5094713,-0.47286466,0.48944262,-0.008344,-0.024871374,0.35046476,-0.06723323,0.16274258,-0.5016448,4
2001-05-01,-0.1519822,0.12105988,-0.47325322,0.10738781,0.003548771,-0.26239496,0.24789897,-0.07231974,-0.022149965,-0.69382614,5
2001-06-01,0.04491676,1.0683342,-0.23089343,-0.092810325,-0.06379676,-0.27190897,0.25414985,0.05779579,-0.02566981,-0.36182696,6
2001-07-01,0.14878553,2.4762986,-0.06612066,0.05476853,-0.010308272,-0.4059977,0.25332797,0.05541774,-0.29162678,-0.38908142,7
2001-08-01,0.061503273,1.4626775,0.023468254,0.14107433,0.0795189,-0.509391,0.078990236,0.105020545,-0.3737485,-0.15516795,8
2001-09-01,-0.10393383,2.6207883,0.08959926,0.14563525,0.14861822,-0.3572832,0.23981874,0.22229451,-0.383706,0.08398954,9
2001-10-01,-0.09506753,2.8827465,0.109209575,0.20519592,0.03425196,-0.4504192,0.29454958,0.27929938,0.080206886,0.4910462,10
2001-11-01,-0.07065812,3.5436246,0.39014718,0.23513079,0.026766654,-0.12530152,0.20156579,0.47949106,-0.5541529,0.60530365,11
2001-12-01,-0.20658976,4.4379816,0.10561351,-0.10234666,0.27388805,0.0028138945,0.3831043,0.48312205,-0.7422518,0.5761353,12
2002-01-01,0.12137656,5.2538333,0.059116337,-0.097307004,0.23139274,-0.24877807,0.43343642,0.63996077,-0.52031755,0.84606946,1
2002-02-01,0.3267083,4.3829894,-0.19278961,-0.06836593,0.029553521,-0.2167156,0.1689163,0.49558938,-0.48442522,0.816455,2
2002-03-01,0.13740288,2.6279018,-0.08541423,0.40323886,0.18003993,-0.3079269,0.041553143,0.33859152,-0.058440693,-0.26011622,3
2002-04-01,0.12607823,1.0271384,0.10223423,0.18274865,0.21199466,-0.15269127,-0.2831398,-0.15519476,0.1000985,-0.59324396,4
2002-05-01,0.30129623,1.1587985,0.08319295,-0.10274986,-0.10762173,-0.75370604,-0.27321142,-0.32565543,0.08092009,-0.74121964,5
2002-06-01,0.7309743,3.0253074,0.101783864,-0.2914285,0.030162755,-0.5576712,-0.14328471,-0.36639225,0.30199584,-0.5755959,6
2002-07-01,0.71233803,3.7692814,-0.18420129,-0.17748073,0.06624427,-0.3040408,-0.045060176,-0.42549068,-0.0034378213,-0.43387106,7
2002-08-01,0.92114174,5.5274024,-0.09401154,-0.09231286,-0.00136807,-0.43577343,-0.08701981,-0.37797916,-0.23311134,-0.3371909,8
2002-09-01,1.1185577,7.027827,-0.19815072,-0.1021003,0.13629094,0.17407256,0.18396653,-0.307408,-0.3588525,-0.23405348,9
2002-10-01,1.362178,8.119281,-0.15610602,0.016804375,0.26804745,0.13405243,0.47936383,-0.01314511,-0.32907343,-0.4192052,10
2002-11-01,1.5967891,5.6365557,-0.09117908,-0.04822127,0.17546314,0.22793859,0.5954368,-0.10391683,-0.0886943,-0.7081197,11
2002-12-01,1.4909472,2.1329436,0.086503096,-0.2501253,0.34259,-0.050245922,0.43264303,-0.09731177,0.10412978,-0.6555254,12
2003-01-01,1.1919553,-3.0205927,0.16825303,-0.4685095,0.2698313,-0.26999557,0.33987784,0.045127053,0.2970337,-1.272405,1
2003-02-01,0.7604001,-5.973115,0.30014715,-0.49224123,0.30514252,0.30190668,0.12104335,-0.2650808,0.1995155,-1.4807032,2
2003-03-01,0.52828705,-6.5285788,0.28142658,-0.28181973,0.25531352,0.1434453,0.04089493,-0.15710096,0.4343461,-1.4263343,3
2003-04-01,0.023030754,-6.868684,0.16627449,-0.013663165,0.29392055,0.0730506,0.22286993,-0.079765506,0.092485555,-1.1926017,4
2003-05-01,-0.4274618,-5.950118,0.0928562,0.077911906,0.11414453,0.18560566,0.056723297,-0.10135166,-0.35300952,-0.965318,5
2003-06-01,-0.20448884,-0.048323322,0.33804134,0.30888548,0.3281018,0.4691864,0.24026155,-0.10454146,-0.33999124,-0.78534,6
2003-07-01,0.09281433,2.045898,0.2877271,0.34429142,0.208729,0.58570796,0.29364452,0.090087526,0.2890126,-0.4997088,7
2003-08-01,-0.006004493,1.7742906,0.1944026,0.36777067,0.15410385,0.488358,0.60207814,0.3454971,0.27301872,-0.24284425,8
2003-09-01,0.16479707,1.2048442,0.2376989,0.5996465,0.084992856,0.06149381,0.29152507,0.35046566,0.4329376,-0.15185359,9
2003-10-01,0.4746018,1.9281439,0.29702225,0.65025616,0.06570197,-0.08725612,0.2915156,0.42882904,0.33953446,-0.17574914,10
2003-11-01,0.41800207,3.521116,0.106796905,0.75092113,-0.009090838,-0.16952246,0.3386553,0.20589477,0.39628708,-0.3393687,11
2003-12-01,0.41424352,1.7692018,0.079860866,0.34279913,-0.05330019,0.0665371,0.43807876,0.3039834,0.44478464,-0.6728256,12
2004-01-01,0.14445102,1.1713861,0.21980189,-0.18804866,0.20662805,-0.31388333,0.5725287,0.3391083,0.48338538,0.65159,1
2004-02-01,0.1352139,-0.9306973,0.18442832,-0.114863,0.22129102,0.09069506,0.38977027,0.3669231,0.2593857,0.8601953,2
2004-03-01,-0.031640343,-2.8548384,0.23882025,0.05303806,0.06787493,0.24853615,0.6056855,0.23962812,-0.18718633,1.1292319,3
2004-04-01,0.0027755236,-0.8986821,0.18333043,0.10850229,0.17607073,-0.21323934,0.13990656,0.18913485,-0.4728574,1.00592,4
2004-05-01,0.20655034,0.1981356,0.3323846,0.04432226,-0.20063269,-0.4650213,-0.018575266,-0.09520317,-0.73671365,0.3422345,5
2004-06-01,0.1191501,1.3524543,0.21479782,0.15145577,-0.30537257,-0.581827,0.13965654,0.030864852,-0.9199847,0.094251595,6
2004-07-01,0.36677042,5.2181673,0.11751503,0.06665943,-0.23060584,-0.45079726,-0.13970576,0.23259488,-0.5121025,0.055159084,7
2004-08-01,0.6701457,5.1702986,0.14320624,-0.09804389,-0.1783628,-0.23680486,-0.1573138,0.45129186,-0.1657324,0.23157458,8
2004-09-01,0.74509275,6.9638257,0.24266587,-0.03139235,-0.10073598,0.042865403,-0.016277617,0.3447707,0.39560372,0.11792055,9
2004-10-01,0.6654408,6.509478,0.22486664,-0.29716083,0.019337282,0.049171768,0.03130624,0.3234661,0.09137303,0.14504234,10
2004-11-01,0.6530867,5.9890814,-0.05401203,0.016162638,-0.012446985,-0.054687954,-0.20264447,0.5287628,0.26469165,-0.36484912,11
2004-12-01,0.6981816,6.6512985,-0.11754114,-0.016869849,0.076301016,-0.21830362,-0.340401,0.5480047,0.24502555,-0.4884034,12
2005-01-01,0.5187247,4.1763954,0.36080024,-0.2336579,0.11751792,-0.21095715,-0.0626267,0.4314584,0.39476478,-0.062260695,1
2005-02-01,0.31070638,4.104998,0.26051053,-0.33181888,0.17086084,-0.94974124,-0.12360073,0.36416876,0.3007105,0.4681898,2
2005-03-01,0.32266486,5.692517,0.23494862,0.12138425,0.45882043,-0.7679659,0.34485248,0.5946522,0.3175747,0.23065786,3
2005-04-01,0.20346819,2.2132063,0.15354723,-0.08835327,0.24175966,-0.077440456,0.6105207,0.7244128,-0.21343806,-0.12289805,4
2005-05-01,0.30205122,1.0861689,0.29763493,-0.0013115967,0.22703569,0.14006035,0.22049887,0.902592,-0.79482,0.14870103,5
2005-06-01,0.29967716,1.8220311,0.053621713,0.20243317,0.1032615,-0.19076133,0.03062397,0.865521,-1.1313128,0.48166558,6
2005-07-01,0.1938395,0.2538654,0.008609463,0.43327358,-0.026726957,-0.4540008,-0.031044334,0.6574723,-0.6112164,0.25790328,7
2005-08-01,-0.0019772942,0.5363538,0.014967187,0.5471874,-0.013949035,-0.35918313,-0.04740742,0.40545896,-0.14274974,0.19199972,8
2005-09-01,-0.08723314,-0.35528898,-0.12905434,0.3986312,-0.046798036,-0.59495044,-0.11918914,0.31189454,0.041239463,0.17306861,9
2005-10-01,0.045057274,0.14731036,-0.3774636,0.0969194,-0.13682656,-0.5818643,-0.080627844,0.2724464,0.3797912,-0.08770321,10
2005-11-01,-0.35394228,-0.20817901,-0.28518328,0.03714186,-0.21447715,-0.38931412,0.008805113,0.18300211,0.2552576,-0.28125238,11
2005-12-01,-0.6265787,-0.43098676,0.07211073,0.6617852,-0.2864963,-0.4942402,-0.3034651,0.44647077,-0.053673606,-0.15849961,12
2006-01-01,-0.78121203,0.18232892,0.04386132,1.0450805,-0.23321687,-0.20493004,0.01578873,0.31379497,-0.010097006,-0.38292372,1
2006-02-01,-0.59893143,0.7842693,-0.06490725,1.0254213,-0.0284769,-0.38867426,0.06989368,0.057557452,0.04844657,-0.371861,2
2006-03-01,-0.5334546,1.9114071,0.020821907,0.52741075,-0.030455044,-0.18773359,-0.18657559,0.021284733,0.029050482,-0.18677437,3
2006-04-01,-0.16997793,3.544841,0.09285151,0.08500585,-0.12051919,0.34843135,0.33859375,0.23268478,-0.01697898,0.4371318,4
2006-05-01,0.03980065,4.676398,-0.026374456,0.22206242,-0.014311421,0.19218458,0.40351078,0.23615095,0.121401206,0.6755452,5
2006-06-01,0.14584462,4.657572,-0.03194914,0.12789202,-0.0011946517,0.20317751,0.27530402,0.078049906,0.5043105,0.7969705,6
2006-07-01,0.08508021,4.3519154,-0.04323215,0.3170403,-0.063113384,0.08934861,0.4039534,0.034161136,0.32066718,0.7057444,7
2006-08-01,0.33067808,6.3969584,-0.01468175,0.4322507,0.055914763,0.4479199,0.2671564,0.24499369,-0.08036296,0.21150373,8
2006-09-01,0.6257748,6.725455,-0.1007791,0.5264686,-0.0069629042,0.9136822,0.3658835,0.2486499,0.008199542,0.15296175,9
2006-10-01,0.73762214,5.571324,-0.06655625,0.4665892,0.02071586,0.9939328,0.4021683,0.29048887,-0.023814473,0.27002382,10
2006-11-01,1.0345892,5.7820363,-0.00038408022,0.26228744,0.16234897,0.893366,0.22555415,0.4409918,0.016423626,0.39735562,11
2006-12-01,1.1488605,3.3122325,-0.13440502,0.20134777,0.117308296,0.4741088,0.24004,0.14866991,0.18490721,0.49541035,12
2007-01-01,0.7147572,-3.7253983,-0.5225789,0.07428924,0.08700989,0.18485038,0.10561568,0.22583641,0.30335742,0.20246741,1
2007-02-01,0.19324611,-6.5505276,-0.52229327,0.40339112,0.1712364,-0.0661547,-0.29178506,0.44157043,0.08046557,-0.18868673,2
2007-03-01,0.013697479,-7.4500422,-0.30509004,0.12935953,-0.074775994,0.2172129,-0.10999227,0.18178923,-0.15226136,-0.14852935,3
2007-04-01,-0.14329956,-6.3854814,-0.26095855,-0.03787274,-0.0014836964,0.14571398,0.018306455,0.15542437,-0.118510626,-0.17790176,4
2007-05-01,-0.27432626,-4.8845773,-0.5051525,-0.2179152,0.100070275,0.29788083,0.06604367,-0.019430827,0.21532829,0.012320242,5
2007-06-01,-0.15184799,-3.722693,-0.41335863,-0.30133128,0.26681235,0.56417465,0.25096628,-0.15126224,0.36798128,0.15061992,6
2007-07-01,-0.44631338,-3.888722,-0.3794574,-0.2008998,0.11457397,0.38455495,0.08668634,-0.23779774,0.47576922,-0.19802068,7
2007-08-01,-0.6071546,-3.7889905,-0.2777851,-0.38217404,0.21658033,0.5510134,0.12607859,-0.36802015,0.04311467,-0.28636384,8
2007-09-01,-1.0847144,-4.6926203,-0.15266049,-0.6448113,0.07959263,0.56064236,0.24406669,-0.27125037,0.21847324,-0.11292404,9
2007-10-01,-1.470766,-4.290563,-0.39627796,-0.7185245,-0.070144616,0.32762283,0.11414152,-0.27086806,0.052752707,0.21094446,10
2007-11-01,-1.61255,-3.1446402,-0.43247,-0.9649046,-0.04817458,-0.1027714,0.027116546,-0.11816649,0.12637645,-0.35708413,11
2007-12-01,-1.5719906,0.09385394,-0.4009864,-0.9820698,-0.21226196,-0.35826847,-0.22304423,-0.27450496,0.10278896,0.22396632,12
2008-01-01,-1.6943483,0.8253208,-0.63485855,-0.7779032,-0.007718969,0.056128964,-0.2598216,-0.18386093,0.08028778,0.48623976,1
2008-02-01,-1.7116301,2.7879825,-0.70909935,0.002201303,-0.42601198,-0.18099429,-0.3984036,0.0022778942,-0.044545356,0.37156925,2
2008-03-01,-1.107201,6.98852,-0.676745,0.31615323,-0.58212173,0.011868902,-0.4986173,0.13104108,0.1499191,0.29339916,3
2008-04-01,-0.95343906,8.037511,-0.7550196,0.29699916,-0.5512325,-0.26172635,-0.37303314,-0.041857675,0.12896399,0.18807632,4
2008-05-01,-0.72614837,8.281822,-0.8527946,0.36440527,-0.5013493,0.12083263,-0.08767585,0.07683471,0.47185132,-0.0350087,5
2008-06-01,-0.55119383,7.231213,-0.8172117,0.27273792,-0.28114942,0.6082191,0.1602003,0.073501095,0.5435312,-0.10510972,6
2008-07-01,-0.14752069,5.5829825,-0.47652233,0.20557472,-0.15513137,0.79052067,0.18077023,0.13598904,0.5728448,0.08925553,7
2008-08-01,-0.009123268,3.6860871,-0.6065527,0.27845234,-0.13700794,0.23188151,0.1596254,0.08823116,0.38091213,-0.068610385,8
2008-09-01,-0.23485155,1.2071748,-0.6089072,0.12803134,0.12025341,0.10138557,0.11408992,0.13772513,0.10563148,-0.03491449,9
2008-10-01,-0.3449329,-0.4198468,-0.6713695,0.021378823,0.13828692,-0.02064263,0.05325349,0.056374546,0.18340872,0.16005349,10
2008-11-01,-0.44695568,-2.8026721,-0.5925069,-0.17874262,-0.004106795,-0.2023843,0.40731072,-0.059310127,0.312289,0.34083664,11
2008-12-01,-0.8447277,-3.8738813,-0.39751694,0.62276727,-0.113189735,0.052643623,0.5277733,-0.025507228,0.25642726,0.80951196,12
2009-01-01,-0.9398426,-0.60535353,-0.38454607,0.3491215,-0.061667096,-0.056752186,0.2697427,-0.2203408,0.25098652,1.0247626,1
2009-02-01,-0.5931808,-0.08187335,-0.4438469,0.21333212,-0.0049711214,0.3257676,0.8576157,-0.58928704,0.19161431,1.0003655,2
2009-03-01,-0.4720106,1.4738114,-0.32704845,-0.019209197,0.027464686,0.30610028,0.19354093,-0.5947184,0.1328825,0.7506948,3
2009-04-01,-0.2792772,4.640861,-0.3054655,0.13279203,-0.11187317,-0.04197671,0.18864715,-0.56293464,0.30673027,0.56967366,4
2009-05-01,0.15603693,5.4445577,0.15786342,0.36503223,0.00025511667,0.08223642,0.37645847,-0.6159359,0.7114736,0.4986891,5
2009-06-01,0.4253019,6.2205086,0.38674468,0.59491235,0.15562218,0.1692708,0.21005763,-0.36293432,0.12546429,0.31575528,6
2009-07-01,0.6655831,5.349059,0.29396752,0.5622579,0.03425347,-0.08746303,-0.18456359,0.07041609,-0.5726505,0.3347723,7
2009-08-01,0.649205,4.500778,0.3536681,0.46072835,0.103520766,-0.026001247,-0.32039082,0.01567469,-0.8249046,-0.07962875,8
2009-09-01,0.7577975,4.3169107,0.4380447,0.3922402,0.07636731,-0.13688989,-0.1009577,0.02577603,-0.5307378,-0.26414877,9
2009-10-01,0.8778348,5.4693694,0.40617007,0.37775663,0.1816924,-0.1066201,0.27261177,0.2465103,-0.30544344,-0.32353035,10
2009-11-01,1.4681671,6.807703,0.13157903,0.40378925,0.13404965,-0.24380171,0.14061783,0.187395,-0.33432633,-0.7989241,11
2009-12-01,1.6141846,5.943028,0.24973267,0.4687561,0.2894686,0.18874171,-0.031650785,0.1804022,-0.043628875,-1.1637952,12
2010-01-01,1.5363749,1.3412697,0.3369199,-0.300703,0.22154945,0.11837116,0.14167772,0.48020807,0.24163742,-1.1716266,1
2010-02-01,1.2215987,2.2473533,0.12748672,-0.7409671,0.4159449,-0.22681394,0.19857608,0.78968924,0.3101528,-0.93339014,2
2010-03-01,1.0043888,0.047293287,-0.20965768,-0.7667298,0.44932786,0.026050942,-0.0705286,1.1286788,0.2596222,-1.046235,3
2010-04-01,0.56989986,-3.1692007,-0.239217,-0.57718587,0.40883654,0.24862608,0.17665097,1.2045494,0.25490776,-0.25251898,4
2010-05-01,-0.15589336,-5.837622,-0.44674265,-0.57795405,0.30842072,-0.32537672,0.052404422,1.1064554,0.31027338,0.10778906,5
2010-06-01,-0.7157779,-7.1916203,-0.5881678,-0.78044426,0.1652679,-0.1346182,-0.2918348,0.8151638,0.51113683,0.20061034,6
2010-07-01,-1.1196457,-6.485303,-0.5290843,-0.8449184,0.13161309,-0.13522759,0.0622012,0.6009668,-0.052636307,0.15170936,7
2010-08-01,-1.3242958,-6.727379,-0.6544816,-0.8271555,0.11551944,-0.64805263,-0.097515725,0.4982492,0.055604372,0.17043847,8
2010-09-01,-1.4683144,-6.845588,-0.77722555,-0.7966171,0.059123844,-1.2550976,-0.54269147,0.35119686,0.29348034,0.33589795,9
2010-10-01,-1.5949631,-6.275071,-0.71853,-0.886059,-0.049124025,-1.318495,-0.76994956,0.3517442,0.5313589,0.51265025,10
2010-11-01,-1.6291137,-3.98975,-0.68598527,-0.80008346,-0.08937029,-0.5286974,-0.963154,0.45224088,0.5652605,0.46760002,11
2010-12-01,-1.7062526,-2.4861925,-0.49357426,-1.1617364,-0.25105473,-0.4454656,-0.997341,0.6671925,0.2807571,0.96469307,12
2011-01-01,-1.6176462,0.9434209,-0.33140665,-1.3441032,-0.36335492,-0.047071677,-0.80733776,0.6079739,0.22083734,1.6090299,1
2011-02-01,-1.1135298,6.8495555,-0.35648713,-1.0164211,-0.35803643,-0.1558015,-0.70817393,0.24990642,0.15966253,1.1148524,2
2011-03-01,-0.9824442,7.9019203,-0.3754392,-0.50713503,-0.3214137,0.034618635,-0.5464368,0.19490762,0.05543688,0.8120029,3
2011-04-01,-0.69792825,8.584873,-0.46313536,-0.6168843,-0.4004538,0.02191779,-0.9299277,0.122897826,0.14531808,0.80941683,4
2011-05-01,-0.4111104,7.6354322,-0.56867754,-0.59806776,-0.2921415,-0.06236365,-0.5878892,0.20047756,-0.21112354,0.76854086,5
2011-06-01,-0.29762837,5.450761,-0.9468377,-0.58960664,-0.14784302,0.06235782,-0.40196458,0.30368468,-0.73447204,0.7244042,6
2011-07-01,-0.35845396,3.2016826,-1.0156881,-0.7849827,-0.045937303,0.43385094,-0.07358241,0.16555497,-0.40663627,0.84298533,7
2011-08-01,-0.6174758,0.965182,-0.94046116,-0.7049492,0.02990481,0.47613963,-0.11329126,0.0004005769,-0.21636838,0.47218883,8
2011-09-01,-0.7417403,-1.0553796,-0.868885,-0.6583335,-0.059361912,0.69363046,0.15975338,-0.051706925,0.07676816,0.16816568,9
2011-10-01,-0.9282676,-0.57883304,-0.8764306,-0.52034926,0.12336529,0.5692456,0.1642163,0.058142044,0.22027186,-0.03805962,10
2011-11-01,-1.1709416,0.05850208,-0.8645802,-0.3372859,0.18596932,0.0016743863,0.039475042,-0.11459862,-0.1832357,1.0231489,11
2011-12-01,-1.0622026,-0.8020126,-0.79245394,-0.18240331,0.13274345,-0.07338751,-0.12361777,-0.12921648,-0.7189609,1.7623259,12
2012-01-01,-0.95003206,0.4386919,-0.61846423,0.5982651,-0.055349886,0.02393141,-0.2543262,-0.21160227,-0.74494934,1.1877933,1
2012-02-01,-0.6797705,2.3234541,-0.56993324,0.6598736,-0.12772936,-0.18357047,-0.20730154,-0.40218064,-0.7380836,1.4549874,2
2012-03-01,-0.52502245,2.4198995,-0.73730457,0.78794765,-0.3844763,0.16568562,-0.32697386,-0.48499852,-0.49939615,0.20075099,3
2012-04-01,-0.37938917,3.7687635,-0.6581143,0.49542913,-0.123701125,0.08161345,-0.28353402,-0.3941327,-0.6511095,0.5183086,4
2012-05-01,-0.14973971,4.4160376,-0.7155099,0.2964861,-0.0064580557,0.117842115,-0.31143543,-0.21397877,-0.51561975,0.13093455,5
2012-06-01,0.16404869,5.162313,-0.843004,0.42165574,-0.14461029,0.14833795,-0.23254506,-0.059451755,-0.2023975,0.3197268,6
2012-07-01,0.39946577,4.110021,-0.94704366,0.3091284,-0.012703595,0.47655457,-0.1994905,-0.010128731,-0.25339147,0.112543955,7
2012-08-01,0.66908467,3.9694724,-1.0359957,0.1020254,0.17514254,0.87986976,-0.03683453,0.008159323,-0.25662366,0.20228657,8
2012-09-01,0.4068266,1.7431517,-0.8871292,-0.005271819,0.039467316,0.8428701,-0.12196935,0.18033855,-0.13581896,0.4966716,9
2012-10-01,0.24730971,1.8229636,-0.54227215,0.029233292,0.09358344,0.34170368,-0.29826054,0.22643368,-0.05985559,0.72973,10
2012-11-01,0.1968249,0.07432792,-0.419921,0.16478522,0.10972896,0.09986879,-0.22915414,0.22134888,-0.0030558049,0.3970367,11
2012-12-01,-0.048797023,-1.2006863,-0.09938221,0.16933316,0.19088244,0.13310593,-0.064703666,0.0049759625,-0.055568874,-0.055058893,12
2013-01-01,-0.3275774,-1.1319935,-0.4403428,0.13957234,0.040757097,0.049972497,-0.49090767,-0.085875936,0.06661796,0.007715789,1
2013-02-01,-0.25423333,0.18797165,-0.53119195,0.78876,0.1057012,0.06726724,-0.25034216,-0.10220898,-0.029625949,0.15374443,2
2013-03-01,-0.043708865,-0.012780536,-0.53052986,0.5763666,0.15616715,-0.1340501,-0.13122408,0.19213417,0.04047646,-0.6797263,3
2013-04-01,-0.07561924,-0.38036716,-0.14231364,0.31284776,-0.06835352,-0.08794375,-0.22607055,0.024197185,-0.01110675,-0.4123994,4
2013-05-01,-0.24981806,0.5494293,0.12950212,0.17181036,-0.31069875,-0.6233802,-0.3659948,0.102870405,-0.360299,-0.22946924,5
2013-06-01,-0.29618636,2.1167889,-0.09010396,0.040013302,-0.49844947,-0.68207943,-0.059404474,-0.32852125,-0.5407333,-0.045192473,6
2013-07-01,-0.38457763,2.6406531,0.03696799,0.026229396,-0.40523598,-0.4642534,0.0621811,-0.20444956,-0.44111705,-0.13965228,7
2013-08-01,-0.32769692,3.418222,-0.24922597,-0.011770216,-0.23932676,-0.33255792,0.026377121,-0.12091422,-0.5548024,-0.4236068,8
2013-09-01,-0.09431805,4.953244,-0.1746916,0.14330202,-0.11246603,-0.40562773,0.13005945,-0.02015221,-0.6115179,-0.4440321,9
2013-10-01,-0.25124994,4.8992305,-0.2464075,-0.01950718,-0.0114588775,-0.24117124,-0.043938886,-0.0012515597,-0.44213045,0.030809984,10
2013-11-01,0.053533368,5.5858264,-0.13714808,-0.10792596,0.15969299,0.1836665,0.116662815,-0.2452754,-0.42749253,-0.009186964,11
2013-12-01,-0.02367382,4.155167,-0.030492922,-0.1742296,0.01097603,-0.06197235,0.23421706,-0.20499833,-0.53562844,0.050589897,12
2014-01-01,-0.29550627,3.579595,0.085846014,-0.2850118,-0.06836542,0.124394804,0.11756322,-0.45710695,-0.5708926,-0.49442604,1
2014-02-01,-0.4151739,6.5485315,0.34972566,-0.39428285,-0.15374003,-0.0031892592,-0.005696287,-0.67715216,-0.5082845,-1.1733227,2
2014-03-01,-0.083668925,10.743661,0.53267086,-0.434717,-0.1235167,-0.4901404,-0.12055599,-0.7600731,-0.3979992,-0.41041312,3
2014-04-01,0.18333665,9.576614,0.34405047,-0.5819669,-0.051082756,-0.25748488,0.03184769,-0.61919343,-0.123355046,-0.098516844,4
2014-05-01,0.35874107,7.636667,0.3143511,-0.53261864,0.07484865,-0.18960273,-0.10273484,-0.50719106,0.14508893,-0.17966434,5
2014-06-01,0.34011188,4.3948197,0.25130302,-0.47758165,0.04280876,-0.38456511,0.0972588,-0.5784171,-0.20560755,-0.17170425,6
2014-07-01,0.052524142,2.9488242,0.29151517,-0.3129739,-0.10091431,-0.47055948,0.06761725,-0.50477797,-0.78642887,0.27852938,7
2014-08-01,0.22312874,5.848296,0.23363036,-0.08886889,-0.062777534,-0.570495,-0.09725709,-0.46594116,-0.6129309,0.33622873,8
2014-09-01,0.4062799,6.851764,0.44414586,-0.22180635,0.0029857366,-0.4077517,-0.21028252,-0.17566776,-0.23946252,0.19622889,9
2014-10-01,0.45429912,6.026236,0.5578202,-0.2327596,0.15156879,0.1451214,0.046818294,-0.049512792,-0.28616664,0.23130494,10
2014-11-01,0.68824035,6.4738455,0.39422676,-0.16926181,0.11658386,0.08249788,0.38546434,-0.2292519,-0.6669411,0.09977274,11
2014-12-01,0.71591085,4.4756017,0.51556724,-0.30742675,0.08327705,-0.09332351,0.37107435,-0.36438137,-0.8777071,0.53384167,12
2015-01-01,0.5648329,1.9828444,0.6874504,-0.23396571,-0.13315761,-0.40064496,0.30055153,-0.6105605,-0.66257256,-0.86124456,1
2015-02-01,0.5784116,4.6495714,0.9639395,-0.079537064,-0.16614668,-0.34687227,-0.78151524,-0.5792719,-0.44558766,-0.50358653,2
2015-03-01,0.5343202,5.8157406,0.90366566,-0.11518343,0.05096139,-0.1335751,-0.015828326,-0.8156572,-0.3364733,0.27790147,3
2015-04-01,0.73803794,7.346817,0.7478982,0.3008742,0.097105734,-0.055535,-0.0024691059,-0.8234738,-0.3187506,0.36040425,4
2015-05-01,0.92833847,7.0993824,0.5214639,0.37943506,0.22086123,0.3701826,0.53638846,-0.60419244,-0.23441482,0.23300277,5
2015-06-01,1.171676,5.3277783,0.8318038,0.28069228,0.3029061,0.39174262,0.53880626,-0.7828604,-0.86380726,0.14650576,6
2015-07-01,1.4469569,5.3470526,1.1578715,0.39537913,0.28805727,0.4366777,0.44391486,-0.38358727,-0.58750635,0.44301265,7
2015-08-01,1.9518286,5.5592237,1.2923622,0.41702887,0.36199385,0.6530784,0.33961877,-0.08389101,-0.65346855,0.5392922,8
2015-09-01,2.1764402,6.0066214,1.3461609,0.60216683,0.40168354,1.0475113,0.33078644,0.11203066,-0.5799836,0.2699957,9
2015-10-01,2.351345,5.5022244,1.2557048,0.6472307,0.47152025,0.9696415,0.08707953,0.282907,-0.33357406,-0.41571498,10
2015-11-01,2.7604933,3.8558557,0.76949084,0.3139388,0.3872746,0.6037539,-0.0031605102,0.00044694488,-0.122082956,-0.23188692,11
2015-12-01,2.7126808,-0.5571564,0.42008874,0.20861158,0.49647427,0.19308499,0.1936199,-0.16557759,-0.044846397,-0.7458329,12
2016-01-01,2.5628088,-4.3422585,0.36534262,1.1785523,0.5621152,-0.44873795,0.13331944,0.075819336,-0.044269327,-0.5599127,1
2016-02-01,2.2636442,-10.500331,0.456778,0.9332968,0.32967693,-0.19822234,0.16923983,0.008528298,-0.17597942,-0.9261795,2
2016-03-01,1.6180269,-14.566931,0.5757102,0.89312047,0.65420663,-0.059519988,0.26984277,-0.069683835,-0.12219866,-0.48257357,3
2016-04-01,1.1399484,-17.334232,0.57323235,0.6553759,0.55662954,-0.24378958,0.3348956,-0.11675287,-0.20785835,-0.31350234,4
2016-05-01,0.45814633,-17.350403,0.4464582,0.87752765,0.45760295,-0.36311987,0.4946553,-0.049370375,-0.39946532,-0.4622032,5
2016-06-01,-0.017092703,-14.961765,0.7055369,0.97569793,0.075051874,-0.6917348,-0.027500963,-0.09202355,-0.00026503942,-0.4219172,6
2016-07-01,-0.30682158,-11.535408,0.7257573,1.0117213,-0.105821475,-0.97978586,-0.16656584,-0.12312384,0.28760546,-0.18315904,7
2016-08-01,-0.44175175,-10.138237,0.6866632,1.0942514,-0.049200524,-0.70612687,-0.2462491,0.004299378,0.1081827,-0.31977203,8
2016-09-01,-0.47574905,-8.039309,0.38594633,1.1173373,-0.28538778,-1.1792845,-0.39926738,-0.083480895,0.110588044,-0.35186976,9
2016-10-01,-0.5664603,-7.6638703,0.17361942,1.2464844,-0.29018545,-0.62172836,-0.42200553,-0.15476282,0.25166446,-0.30026782,10
2016-11-01,-0.47698104,-5.5727596,0.23059608,1.0986936,-0.29211253,-0.46769089,-0.6100775,0.09316425,0.2931956,0.029713258,11
2016-12-01,-0.38642636,-3.404193,0.099300586,0.8435334,-0.23016234,-0.20859048,-0.57974005,0.09886863,0.4036911,-0.77163917,12
2017-01-01,-0.29758987,-2.2178786,0.21475345,0.7793695,-0.34149706,-0.18685958,-0.3392585,-0.030284489,0.30763862,-0.9462764,1
2017-02-01,0.08697626,-2.484597,0.3131851,0.7921856,-0.2128952,0.21732384,0.20655574,-0.21912102,-0.0446255,0.077429645,2
2017-03-01,0.20292005,-2.3273914,0.4119852,0.77074665,-0.32043448,0.008673906,-0.19658607,-0.37015983,-0.045518048,-0.14822093,3
2017-04-01,0.31596288,-2.7081127,0.41655758,0.6829897,-0.34663498,0.18292402,-0.058773976,-0.056597218,0.061504032,-0.16008928,4
2017-05-01,0.47382495,-0.8530113,0.23545633,0.6432358,-0.16075984,0.11548778,0.06537869,0.111398265,-0.05481486,0.15088315,5
2017-06-01,0.44117844,-2.602044,0.1916572,0.23412499,-0.096998386,0.17679992,0.07246718,0.16619933,-0.10316526,0.16161826,6
2017-07-01,0.37400112,-3.012414,0.25502825,0.13822299,0.06820727,0.2383339,0.56065285,0.11071257,-0.3017152,0.32433367,7
2017-08-01,-0.060499575,-5.1700764,0.36592183,0.117939115,0.12170076,0.46720025,0.54819584,0.019474065,-0.056417283,0.5231363,8
2017-09-01,-0.3727311,-7.777193,0.29865265,-0.10080976,0.087438226,0.092580475,0.37854517,-0.069817565,0.02698704,0.6950598,9
2017-10-01,-0.4775067,-7.1951513,0.17811528,-0.19096977,0.025928795,-0.19003688,0.4886909,-0.17246413,-0.060887348,0.57767695,10
2017-11-01,-0.8028161,-6.3796396,0.50619084,-0.057722878,-0.011044524,-0.22094984,0.19869821,-0.017295307,-0.26297495,0.2936606,11
2017-12-01,-0.9404511,-4.677837,0.611766,-0.41336426,-0.32152346,-0.6005356,0.06694879,-0.0033802143,-0.34030825,0.71681005,12
2018-01-01,-0.72234285,-1.0829499,0.57981676,-0.39428884,-0.5321761,-0.4051157,-0.1726864,-0.352283,-0.2517663,0.8506049,1
2018-02-01,-0.7202066,1.1867626,0.49342716,-0.65503955,-0.18911108,0.044459086,0.09501978,-0.7389763,-0.386631,1.0693114,2
2018-03-01,-0.7217743,2.910556,0.3971075,-0.62799436,-0.2594953,-0.26873943,-0.38601792,-0.5819647,-0.5799659,1.0760837,3
2018-04-01,-0.4805044,5.356792,0.6520237,-0.5563984,-0.2784093,-0.108803585,-0.37437347,-0.83478576,-0.51357836,0.81590503,4
2018-05-01,-0.21175776,6.518542,0.6051473,-0.22059754,-0.18001832,-0.19504449,-0.16832447,-1.1494367,-0.12185205,0.69978535,5
2018-06-01,0.10046994,7.2566996,0.3754124,-0.08845058,-0.2193483,-0.28727686,-0.0052322494,-1.1435883,-0.017574403,0.2866894,6
2018-07-01,0.24067166,7.31607,0.42484546,-0.0868292,-0.23238659,0.008741342,0.18101731,-0.9431291,0.08187606,-0.08704079,7
2018-08-01,0.1420066,7.5135655,0.49250653,-0.04689522,-0.27535382,0.028051935,0.38639674,-0.6686259,0.1351831,0.09435412,8
2018-09-01,0.21954809,8.365707,0.37077013,-0.007672553,-0.09734964,0.43436304,0.41641197,-0.6641504,0.27897626,0.3461771,9
2018-10-01,0.698567,10.270405,0.24310416,0.07111604,-0.12184199,0.124053426,0.38742512,-0.3333759,0.35128123,0.02309415,10
2018-11-01,0.77348995,8.13075,0.20938458,0.32659745,-0.08023978,0.21730354,0.5629161,-0.5092301,0.38513795,-0.1438695,11
2018-12-01,0.77801985,5.541111,0.18904102,0.3127328,-0.027961908,0.020243773,0.5094118,-0.5917531,0.26582307,-0.6187123,12
2019-01-01,0.6073826,2.0167055,0.06603034,-0.1913527,-0.042340185,-0.0062930356,0.40160632,-0.2912646,0.3026692,-1.2239561,1
2019-02-01,0.61803716,1.36214,0.26101482,0.05334823,0.055865083,-0.38743272,0.61238575,-0.21293217,0.27632013,-0.9423368,2
2019-03-01,0.86296934,0.44815782,0.3030893,-0.014995692,-0.06810821,-0.30753437,0.22504792,-0.44408813,0.46444598,-1.2395142,3
2019-04-01,0.67357117,-3.4123962,0.52501434,-0.030405678,0.115430936,-0.20841222,0.4414938,-0.5852573,0.133553,-0.87057376,4
2019-05-01,0.7153996,-5.3056655,0.8584624,-0.050380383,0.1523745,0.37668136,0.45182982,-0.4586386,0.009043823,-0.63179135,5
2019-06-01,0.5307276,-5.444161,0.688546,0.055100966,0.33290282,0.754565,0.6467631,-0.36995438,-0.22518146,-0.40671876,6
2019-07-01,0.37578723,-5.0628457,0.6617533,-0.1385862,0.33401746,0.7426616,0.83716416,-0.31078508,-0.19334409,-0.4088579,7
2019-08-01,0.005985983,-4.870597,0.6321303,-0.18704364,0.20911424,1.2025615,1.1037892,-0.2332608,-0.0007455024,-0.31664184,8
2019-09-01,-0.1498362,-2.438561,0.6591895,-0.22192986,0.085369065,1.379453,0.9853406,-0.032943968,0.12587479,-0.31054723,9
2019-10-01,0.43038693,-0.43584,0.52433795,-0.20155002,0.22568792,1.9770085,0.95891774,-0.120539404,0.3241907,-0.5783571,10
2019-11-01,0.45132977,-0.8646007,0.6329307,0.012319348,0.17090178,1.5506319,1.0358406,-0.20763646,0.90275854,-0.30077034,11
2019-12-01,0.3884414,-0.1923263,0.62201065,-0.11709874,0.20958358,0.61707175,0.19403186,-0.35249618,0.99614185,-0.9297807,12
2020-01-01,0.46431693,-1.6938907,0.25991878,-0.2175746,0.40001112,0.13347614,0.1805135,-0.2972486,0.9412253,-0.8914285,1
2020-02-01,0.32018262,-2.6425068,-0.0022060345,-0.324982,0.22670656,-0.078033864,0.1817835,-0.06383621,0.6685146,-0.3592151,2
2020-03-01,0.39848104,-5.0096474,-0.1408004,-0.032713845,0.19815576,-0.19906394,0.33650517,0.03934622,0.12920678,-0.35000828,3
2020-04-01,0.3498727,-6.79046,-0.02141193,0.19770862,0.2041427,-0.27111638,-0.5085288,0.17903669,0.03613203,-0.17011261,4
2020-05-01,-0.26084027,-7.598268,0.15836708,0.2892159,0.21492779,0.23525375,-0.17037521,-0.032658506,-0.053804003,-0.13928954,5
2020-06-01,-0.448715,-5.297815,0.15067682,-0.03207648,0.23948132,0.7312073,0.12560722,0.15798889,-0.330261,-0.04003094,6
2020-07-01,-0.26481083,-2.8980072,0.048796095,0.025445895,0.2755343,0.432661,0.03156065,0.040125657,-0.12728584,-0.302023,7
2020-08-01,-0.67125666,-4.155302,0.047428835,0.006371585,0.112748936,-0.37839222,-0.12187197,-0.047075737,-0.3673579,-0.25424245,8
2020-09-01,-0.8903855,-4.8140845,0.026167842,-0.35200143,0.11661678,-0.3793766,-0.21743707,-0.13318199,-0.42140573,-0.25889057,9
2020-10-01,-1.2995484,-5.2737103,0.2610248,-0.6293054,0.122241974,-0.032031722,0.16309234,-0.033863403,-0.00862179,-0.09378032,10
2020-11-01,-1.4261388,-2.9722445,0.2679849,-0.5221979,0.05367875,-0.30620226,0.09489136,-0.12177498,-0.075853266,0.28542945,11
2020-12-01,-1.1885755,-1.7897989,0.058190387,-0.7585756,-0.03554228,-0.032068532,0.13034104,-0.07992142,-0.40363857,0.46619207,12
2021-01-01,-0.99209386,-1.8516666,-0.27997673,-1.0539684,-0.2330432,-0.18570887,-0.3916469,0.07079287,-0.42260382,0.67937446,1
2021-02-01,-0.86940676,-0.59274477,-0.43171751,-0.8624535,-0.20620768,-0.07235545,-0.09569994,-0.060514454,-0.36855808,0.82192314,2
2021-03-01,-0.6137344,1.5267724,-0.62574583,-0.5100355,-0.158484,0.054500025,-0.25387737,-0.29891893,-0.5179452,0.1733231,3
2021-04-01,-0.6427023,0.89159185,-0.41185594,-0.52102286,-0.26325527,0.13602103,-0.19525066,-0.20773725,-0.43640774,-0.04002023,4
2021-05-01,-0.40016133,1.7510053,-0.50568676,-0.25322798,-0.21004419,-0.41721445,-0.2932743,-0.30700055,0.19620182,0.19320849,5
2021-06-01,-0.20396866,-0.19791423,-0.5183869,-0.20297742,-0.2757902,-0.4978718,-0.26361486,-0.39450547,0.8929149,-0.03308765,6
2021-07-01,-0.28635952,-1.782104,-0.45948312,-0.14742613,-0.17923674,-0.4817736,-0.55890065,-0.30867848,1.0223653,0.07348282,7
2021-08-01,-0.46427026,-1.0078243,-0.42577663,-0.11074892,-0.116535924,-0.5389223,-0.6399544,-0.21421039,0.8610512,0.09287977,8
2021-09-01,-0.50385165,-2.4283102,-0.35473108,-0.3481978,-0.09251076,-0.52130824,-0.5781946,-0.04151348,0.64202446,0.23461723,9
2021-10-01,-0.9751682,-3.8405232,-0.43775222,-0.6177886,-0.15711147,-0.6690912,-0.586454,-0.18708909,0.4384187,0.38987425,10
2021-11-01,-1.0400525,-2.7366796,-0.32454163,-0.62836653,-0.21806017,-0.54672855,-0.27595708,-0.042033505,0.49559486,0.55170363,11
2021-12-01,-1.1070652,-0.6431352,-0.12061141,-0.75360113,-0.13375553,-0.33629492,-0.20565413,-0.14621045,0.03789359,1.0008525,12
2022-01-01,-0.9378764,2.9381654,0.12589496,-0.7988131,0.124683894,-0.34753758,0.24849638,0.14593083,-0.16304226,0.5423372,1
2022-02-01,-0.8785025,5.5964565,0.10870819,-0.60616684,-0.24648473,-0.49456504,-0.2484985,0.18481506,-0.3840367,-0.18530643,2
2022-03-01,-1.0685,3.592572,0.032067716,-0.7334837,-0.2968161,-0.16759275,-0.21992877,-0.42982447,-0.13011418,-0.42233983,3
2022-04-01,-1.1229689,4.955959,-0.1937139,-0.81737584,-0.048891287,-0.18784484,-0.26150906,-0.52141416,-0.23346047,-0.062166017,4
2022-05-01,-1.1439607,7.179156,-0.5184318,-0.8243006,-0.29789647,-0.30768427,-0.27631208,-0.18380587,-0.3558049,0.3007837,5
2022-06-01,-0.8230432,8.429367,-0.3554108,-0.700143,-0.33327818,-0.30476135,-0.5520197,-0.12749718,0.12497001,0.34147725,6
2022-07-01,-0.7500699,6.357469,-0.38295406,-0.81504196,-0.48035607,-0.8183293,-0.9040445,-0.27736133,-0.38674086,0.17592135,7
2022-08-01,-0.98262995,4.9687667,-0.23535477,-0.85367846,-0.44522703,-0.96945596,-1.0512915,-0.18747728,-0.3978872,0.17484733,8
2022-09-01,-1.0696108,4.521882,-0.08742223,-0.9194325,-0.41028702,-1.0858248,-0.7988311,-0.13762307,-0.24689059,0.26055557,9
2022-10-01,-1.0078682,3.442905,0.051498085,-0.90326715,-0.49384797,-1.0833973,-0.6002633,-0.11968932,0.046678707,0.013577278,10
2022-11-01,-1.128119,5.969523,-0.25171456,-0.40695736,-0.41904697,-0.31516367,-0.019627335,-0.2000587,-0.15088317,0.25581086,11
2022-12-01,-0.95822114,7.691436,-0.19252023,0.016364425,-0.38917747,-0.00417659,-0.24245979,-0.13808066,0.014007746,0.9522542,12
